Material composition,Material composition site,Abbreviated name,Electrolyte class,Is well studied? (>4 materials),Log ASR (Ohm-cm2) at T=773 K,Log ASR (Ohm-cm2) at T=873 K,Log ASR (Ohm-cm2) at T=973 K,Log ASR (Ohm-cm2) at T=1073 K,ML pred ASR barrier (eV)
Ba0.9Co0.7Fe0.2Nb0.1O3,[Ba0.9][Co0.7Fe0.2Nb0.1],B90CFN,ceria,0,-0.324875991,-1.175851767,-1.851909603,-2.401954795,1.134531099
Ba2Bi0.1Sc0.2Co1.7O5,[Ba2][Bi0.1Sc0.2Co1.7],BBiScC,mixed,0,0.302381062,-0.657577319,-1.420216403,-2.04070468,1.258738249
Ba0.95Ca0.05FeO3,[Ba0.95Ca0.05][Fe],BCaF,ceria,0,1.397940009,0.451148592,-0.301029996,-0.913007542,1.263385158
Ba0.95Ca0.05Fe0.95In0.05O3,[Ba0.95Ca0.05][Fe0.95In0.05],BCaFIn,ceria,0,0,-0.779035297,-1.397940009,-1.901485035,1.086717546
BaCe0.5Fe0.5O3,[Ba][Ce0.5Fe0.5],BCeF55,ceria,0,1.151262854,0.006425904,-0.903089987,-1.643078219,1.44558847
Ba0.9Co0.7Fe0.2Mo0.1O3,[Ba0.9][Co0.7Fe0.2Mo0.1],BCFMo,ceria,0,-0.428343793,-1.199825856,-1.812729899,-2.311392742,1.082027388
BaCo0.6Fe0.3Nb0.1O3,[Ba][Co0.6Fe0.3Nb0.1],BCFN631,mixed,0,0.243038049,-0.741061058,-1.522878745,-2.158970862,1.27479556
BaCo0.7Fe0.2Nb0.1O3,[Ba][Co0.7Fe0.2Nb0.1],BCFN721,ceria,1,0.093869311,-0.742641913,-1.407208384,-1.947904125,1.17159768
BaCo0.7Fe0.2Nb0.1O3,[Ba][Co0.7Fe0.2Nb0.1],BCFN721,perovskite,1,0.705466293,-0.261038959,-1.028879205,-1.653599181,1.245413458
BaCo0.7Fe0.22Sc0.08O3,[Ba][Co0.7Fe0.22Sc0.08],BCFSc,ceria,0,-0.522878745,-1.43990867,-2.168443235,-2.761183845,1.242322278
BaCo0.6Fe0.2Sn0.2O3,[Ba][Co0.6Fe0.2Sn0.2],BCFSn20,ceria,0,0.176091259,-0.647069669,-1.301029996,-1.833096505,1.123112687
BaCo0.6Fe0.3Sn0.1O3,[Ba][Co0.6Fe0.3Sn0.1],BCFSn631,mixed,0,0,-0.892786009,-1.602059991,-2.179130063,1.170289092
BaCo0.6Fe0.2Sn0.1Y0.1O3,[Ba][Co0.6Fe0.2Sn0.1Y0.1],BCFSnY,ceria,0,0,-0.779035297,-1.397940009,-1.901485035,1.045027701
BaCo0.7Fe0.22Y0.08O3,[Ba][Co0.7Fe0.22Y0.08],BCFY,ceria,0,-0.366531544,-1.522878745,-2.441538957,-3.18896707,1.404889481
BaCo0.6Fe0.2Y0.2O3,[Ba][Co0.6Fe0.2Y0.2],BCFY20,ceria,0,0.301029996,-0.547630382,-1.22184875,-1.770397338,1.214236068
BaCo0.7Fe0.2Yb0.1O3,[Ba][Co0.7Fe0.2Yb0.1],BCFYb,ceria,0,0.836564662,-0.217147241,-1.054268825,-1.735356562,1.332925376
BaCoO3,[Ba[Co],BCO,mixed,0,0.425258803,-0.346787486,-0.96013978,-1.459167322,1.160105817
BaCoO3,[Ba[Co],BCO,ceria,0,0.887054378,-0.215918346,-1.092175196,-1.80510365,1.355093511
BaCo0.875Sc0.125O3,[Ba][Co0.875Sc0.125],BCSc12,ceria,0,0.390935107,-0.74583427,-1.648940878,-2.383714473,1.441246163
BaCo0.75Sc0.25O3,[Ba][Co0.75Sc0.25],BCSc25,ceria,0,-0.017728767,-1.078632494,-1.921467623,-2.607203939,1.400531751
BaCo0.625Sc0.375O3,[Ba][Co0.625Sc0.375],BCSc37,ceria,0,0.23299611,-0.848260931,-1.707265755,-2.406157843,1.399621648
BaFe0.9Bi0.1O3,[Ba][Fe0.9Bi0.1],BFBi,perovskite,0,1.066224142,0.250283868,-0.397940009,-0.925339304,1.1029212
BaFe0.6Co0.3Ce0.1O3,[Ba[Fe0.6Co0.3Ce0.1],BFCCe631,ceria,0,0.291521715,-0.600855057,-1.30980392,-1.886609472,1.175718303
BaFe0.95Ce0.05O3,[Ba][Fe0.95Ce0.05],BFCe05,ceria,0,0.301029996,-0.510322692,-1.15490196,-1.679335978,1.148801367
BaFe0.85Cu0.15O3,[Ba][Fe0.85Cu0.15],BFCu15,ceria,0,0.029752924,-0.661543506,-1.210744062,-1.657577319,1.039426339
BaFe0.75Cu0.25O3,[Ba][Fe0.75Cu0.25],BFCu25,ceria,0,0.516118963,-0.366531544,-1.067753376,-1.638272164,1.148188925
BaFe0.4Co0.4Zr0.2O3,[Ba][Fe0.4Co0.4Zr0.2],BFCZ20,perovskite,0,0.93446359,0.18774473,-0.405486184,-0.888142836,1.007234616
BaFe0.4Co0.4Zr0.2O3,[Ba][Fe0.4Co0.4Zr0.2],BFCZ20,ceria,0,0,-0.668728522,-1.2,-1.632246039,0.948089419
BaCo0.2Fe0.5Zr0.3O3,[Ba][Co0.2Fe0.5Zr0.3],BFCZ253,perovskite,0,0.418979067,-0.275268581,-0.826813732,-1.275554567,1.014375074
BaCo0.5Fe0.2Zr0.3O3,[Ba][Co0.5Fe0.2Zr0.3],BFCZ523,perovskite,0,0.271158389,-0.485549444,-1.086716098,-1.575829322,1.070656287
BaFe0.4Co0.4Zr0.1Y0.1O3,[Ba][Fe0.4Co0.4Zr0.1Y0.1],BFCZY,ceria,0,0.062222892,-0.522878745,-0.987712832,-1.365904963,0.878158136
BaFe0.4Co0.4Zr0.1Y0.1O3,[Ba][Fe0.4Co0.4Zr0.1Y0.1],BFCZY,perovskite,0,0.760033922,-0.065444745,-0.721246399,-1.254811025,1.006768228
BaFe0.95In0.05O3,[Ba][Fe0.95In0.05],BFIn05,ceria,0,0.698970004,-0.247821413,-1,-1.611977546,1.261599069
BaFe0.95Nb0.05O3,[Ba][Fe0.95Nb0.05],BFN05,ceria,0,0.100134724,-0.838961507,-1.585026652,-2.19203026,1.228745995
BaFe0.75Ni0.25O3,[Ba][Fe0.75Ni0.25],BFNi82,ceria,0,0.6,-0.29163803,-1,-1.576328052,1.188529957
BaFeO3,[Ba][Fe],BFO,mixed,0,0.448898634,-0.698970004,-1.610894421,-2.352842245,1.423274756
BaFe0.95Sn0.05O3,[Ba][Fe0.95Sn0.05],BFSn05,ceria,0,0.306666603,-0.68982397,-1.48148606,-2.125587649,1.279379967
BaFe0.8Sn0.2O3,[Ba][Fe0.8Sn0.2],BFSn82,perovskite,0,0.603492885,-0.345819015,-1.1,-1.71360671,1.240200301
BaFe0.3Sn0.2Bi0.5O3,[Ba][Fe0.3Sn0.2Bi0.5],BFSnBi325,perovskite,0,0.784087969,0.01277205,-0.6,-1.098555452,0.989212628
BaFe0.5Sn0.2Bi0.3O3,[Ba][Fe0.5Sn0.2Bi0.3],BFSnBi523,perovskite,0,-0.364338077,-0.997212677,-1.5,-1.90907114,0.922249885
BaFe0.7Sn0.2Bi0.1O3,[Ba][Fe0.7Sn0.2Bi0.1],BFSnBi721,perovskite,0,0.340556274,-0.490091638,-1.15,-1.686905871,1.060064104
BaFe0.95Zr0.05O3,[Ba][Fe0.95Zr0.05],BFZ05,ceria,0,-0.301029996,-1.080065293,-1.698970004,-2.202515031,1.100733813
BaFe0.8Zn0.1Bi0.1O3,[Ba][Fe0.8Zn0.1Bi0.1],BFZnBi,perovskite,0,0.759127394,0.044699001,-0.522878745,-0.984663809,0.990448595
Ba0.95Gd0.05FeO3,[Ba0.95Gd0.05][Fe],BGF05,ceria,0,0.397940009,-0.435100696,-1.096910013,-1.635362514,1.120830499
Bi0.7Pr0.1Ba0.2FeO3,[Bi0.7Pr0.1Ba0.2][Fe],BiPBF,ceria,0,0.469151131,-0.501684598,-1.272965192,-1.900484259,1.376561458
Bi0.5Sr0.5Fe0.8Co0.2O3,[Bi0.5Sr0.5][Fe0.8Co0.2],BiSCF,ceria,0,0.181465766,-0.513422282,-1.065476198,-1.514630969,0.949310678
Bi0.5Sr0.5FeO3,[Bi0.5Sr0.5][Fe],BiSF50,ceria,0,0.7202887,-0.105219464,-0.761044552,-1.294628245,1.097706742
Bi0.2Sr0.8FeO3,[Bi0.2Sr0.8][Fe],BiSF80,ceria,0,1.230448921,0.292991877,-0.451771017,-1.057715105,1.255810941
Bi0.5Sr0.5Fe0.8Cu0.2O3,[Bi0.5Sr0.5][Fe0.8Cu0.2],BiSFCu,ceria,0,0.6,-0.235910653,-0.9,-1.440307549,1.098390629
Bi0.5Sr0.5Fe0.9Nb0.1O3,[Bi0.5Sr0.5][Fe0.9Nb0.1],BiSFN10,ceria,0,0,-0.780183276,-1.4,-1.904287046,1.001234832
Bi0.5Sr0.5Fe0.9Sb0.1O3,[Bi0.5Sr0.5][Fe0.9Sb0.1],BiSFSb10,ceria,0,-1.22184875,-1.433730501,-1.602059991,-1.739013994,0.568311667
Bi0.5Sr0.5Fe0.9Ti0.1O3,[Bi0.5Sr0.5][Fe0.9Ti0.1],BiSFT10,ceria,0,0.569926693,-0.316097747,-1.02,-1.592699596,1.170578451
Bi0.5Sr0.5Fe0.8Ti0.2O3,[Bi0.5Sr0.5][Fe0.8Ti0.2],BiSFT20,ceria,0,0.711535144,-0.15866743,-0.85,-1.412472818,1.169277862
Bi0.5Sr0.5Fe0.9Ta0.1O3,[Bi0.5Sr0.5][Fe0.9Ta0.1],BiSFTa10,ceria,0,0.2,-0.413001145,-0.9,-1.296225536,0.870379039
Ba0.95La0.05FeO3,[Ba0.95La0.05][Fe],BLF05,mixed,0,0.249157212,-0.654053551,-1.37160948,-1.955417799,1.120228435
Ba0.95La0.05FeO3,[Ba0.95La0.05][Fe],BLF05,ceria,0,0.031623546,-0.62666143,-1.149636031,-1.575131676,1.009446865
Ba0.6La0.4FeO3,[Ba0.6La0.4][Fe],BLF64,ceria,0,0.84509804,0.049460529,-0.582633814,-1.096910013,1.050632297
Ba0.8La0.2FeO3,[Ba0.8La0.2][Fe],BLF82,ceria,0,0.82105273,0.226794713,-0.24531366,-0.629424201,0.924626384
Ba0.9La0.1FeO3,[Ba0.9La0.1][Fe],BLF91,ceria,0,1.079181246,0.18764023,-0.520644668,-1.096910013,1.130791246
Ba0.95La0.05Fe0.95P0.05O3,[Ba0.95La0.05][Fe0.95P0.05],BLFP,ceria,0,-0.23962907,-1.027650626,-1.653694473,-2.163047948,1.058472035
(Ba0.5Sr0.5)0.8Co0.8Fe0.2O3,[(Ba0.5Sr0.5)0.8][Co0.8Fe0.2],BS0.8CF,ceria,0,0.477121255,-0.465606957,-1.214557529,-1.823908741,1.183335729
Ba0.5Sr0.5Co0.8Fe0.2O3,[Ba0.5Sr0.5][Co0.8Fe0.2],BSCF,mixed,0,-0.184757718,-0.971561317,-1.596637557,-2.10520378,1.09760532
Ba0.5Sr0.5Co0.8Fe0.2O3,[Ba0.5Sr0.5][Co0.8Fe0.2],BSCF,ceria,1,-0.046944408,-0.969283017,-1.702035067,-2.298207052,1.205873511
Ba0.5Sr0.5Co0.8Fe0.2O3,[Ba0.5Sr0.5][Co0.8Fe0.2],BSCF,perovskite,1,1.040430065,0.091969682,-0.661534816,-1.274591131,1.207653558
Ba0.2Sr0.8Co0.8Fe0.2O3,[Ba0.2Sr0.8][Co0.8Fe0.2],BSCF2882,ceria,0,-0.420268122,-0.721246399,-0.960358638,-1.15490196,0.66527002
Ba0.5Sr0.5Co0.2Fe0.8O3,[Ba0.5Sr0.5][Co0.2Fe0.8],BSCF5528,ceria,0,0.763041536,-0.066591992,-0.725694476,-1.26194468,1.166365477
Ba0.5Sr0.5Co0.4Fe0.6O3,[Ba0.5Sr0.5][Co0.4Fe0.6],BSCF5546,ceria,0,0.977162584,-0.117105293,-0.986446577,-1.693748479,1.347593528
Ba0.5Sr0.5Co0.7Fe0.2Ni0.1O3,[Ba0.5Sr0.5][Co0.7Fe0.2Ni0.1],BSCFN,ceria,0,-0.698970004,-1.44469476,-2.037135906,-2.519149999,1.046872257
Ba0.9Sr0.1Co0.9In0.1O3,[Ba0.9Sr0.1][Co0.9In0.1],BSCIn,ceria,0,0.428055391,-0.424812155,-1.102372909,-1.653640884,1.124345212
Ba0.6Sr0.4Co0.9Nb0.1O3,[Ba0.6Sr0.4][Co0.9Nb0.1],BSCN641,ceria,0,-0.171133375,-1.030068905,-1.712450369,-2.267640507,1.131582707
Ba0.5Sr0.5Cu0.2Fe0.8O3,[Ba0.5Sr0.5][Cu0.2Fe0.8],BSCuF,ceria,0,0.813146341,-0.033505127,-0.706127517,-1.253377606,1.135143627
Ba0.5Sr0.5Cu0.4Fe0.6O3,[Ba0.5Sr0.5][Cu0.4Fe0.6],BSCuF5546,ceria,0,0.760015343,-0.102943877,-0.788521963,-1.346312894,1.160439158
Ba0.5Sr0.5Co0.1Zn0.1Fe0.8O3,[Ba0.5Sr0.5][Co0.1Zn0.1Fe0.8],BSCZnF,ceria,0,0.882140259,0.012837225,-0.677780705,-1.239672087,1.15255035
Ba0.5Sr0.5FeO3,[Ba0.5Sr0.5][Fe],BSF,ceria,0,0.912018412,0.026505395,-0.676990558,-1.249359585,1.226283336
Ba0.5Sr0.5Fe0.8Cu0.1Ti0.1O3,[Ba0.5Sr0.5][Fe0.8Cu0.1Ti0.1],BSFCuT,ceria,0,0.029383778,-0.868437783,-1.581712259,-2.16203716,1.183841803
Ba0.5Sr0.5Fe0.9Mo0.1O3,[Ba0.5Sr0.5][Fe0.9Mo0.1],BSFMo10,perovskite,0,0.808604262,-0.101849435,-0.825159516,-1.413649451,1.169644465
Ba0.5Sr0.5Fe0.9Nb0.1O3,[Ba0.5Sr0.5][Fe0.9Nb0.1],BSFN,ceria,0,0.305408186,-0.538699871,-1.209301646,-1.754907751,1.138237765
Ba0.5Sr0.5Fe0.9Sb0.1O3,[Ba0.5Sr0.5][Fe0.9Sb0.1],BSFSb10,ceria,0,0.325720861,-0.356225945,-0.89799869,-1.338788631,0.962642007
Ba0.5Sr0.5Fe0.8Zn0.2O3,[Ba0.5Sr0.5][Fe0.8Zn0.2],BSFZn,ceria,0,0.860572906,0.025305865,-0.638272164,-1.178163701,1.088467182
Ba0.4Sr0.4La0.2FeO3,[Ba0.4Sr0.4La0.2][Fe],BSLF,ceria,0,2.121222126,1.175511813,0.424192109,-0.187086643,1.186201622
Ba0.4Sr0.4La0.2Fe0.9Mn0.1O3,[Ba0.4Sr0.4La0.2][Fe0.9Mn0.1],BSLFM10,ceria,0,1.826243342,1.086715664,0.499197786,0.021189299,1.005696284
Ba0.4Sr0.4La0.2Fe0.9Mn0.2O3,[Ba0.4Sr0.4La0.2][Fe0.9Mn0.2],BSLFM20,ceria,0,1.239272694,0.649334859,0.180658654,-0.200659451,0.908141197
Ba0.95Sm0.05FeO3,[Ba0.95Sm0.05][Fe],BSmF05,ceria,0,0.544068044,-0.252902932,-0.886056648,-1.401194759,1.08297476
Ba0.5Sr0.5Zn0.2Fe0.8O3,[Ba0.5Sr0.5][Zn0.2Fe0.8],BSZnF,ceria,0,0.900451095,0.130333768,-0.48148606,-0.979266778,1.088467182
CaMn0.9Nb0.1O3,[Ca][Mn0.9Nb0.1],CaMN91,zirconia,0,1.358913121,1.014211191,0.740362689,0.517557711,0.638959926
CaMnO3,[Ca][Mn],CaMO,zirconia,0,1.250058867,0.856628701,0.544068044,0.289766597,0.755204718
GdBaCo2O5,[GdBa][Co2],GBCO,zirconia,0,1.245046156,0.7268267,0.315127174,-0.019834323,0.846884335
GdBaCo2O5,[GdBa][Co2],GBCO,ceria,1,0.752713812,-0.16318989,-0.890829727,-1.482842381,1.141465441
GdBaFe2O5,[GdBa][Fe2],GBFO,ceria,0,1.279533211,0.174654106,-0.703117269,-1.417277949,1.46819733
GdBaMnFeO5,[GdBa][MnFe],GBMF,ceria,0,1.397940009,-0.042627536,-1.187086643,-2.118226253,1.721457247
Gd0.5Ba0.5Mn0.5Fe0.5O3,[Gd0.5Ba0.5][Mn0.5Fe0.5],GBMF5555,ceria,0,1.602059991,0.844712712,0.243038049,-0.246488495,1.121175013
GdBa0.5Sr0.5Co2O5,[GdBa0.5Sr0.5][Co2],GBSC,ceria,0,0.421714724,-0.467636716,-1.174182104,-1.749032173,1.157943029
GdBa0.5Sr0.5CoFeO5,[GdBa0.5Sr0.5][CoFe],GBSCF,ceria,0,-0.086858896,-1.020500829,-1.762232806,-2.36571092,1.152778492
Gd0.5Sr0.5CoO3,[Gd0.5Sr0.5][Co],GSC55,ceria,0,1.5910206,0.522953745,-0.325572131,-1.015938479,1.393050036
Gd0.8Sr0.2CoO3,[Gd0.8Sr0.2][Co],GSC82,ceria,0,1.255272505,0.096599336,-0.823908741,-1.57284029,1.580748636
La0.5Ba0.5CoO3,[La0.5Ba0.5][Co],LBC50,perovskite,0,0.182306324,-0.494850022,-1.032816985,-1.470510517,0.984945332
La0.4Ba0.6CoO3,[La0.4Ba0.6][Co],LBC60,ceria,0,0.096085902,-0.736495548,-1.397940009,-1.936095661,1.101147707
La0.1Ba0.9Co0.4Fe0.6O3,[La0.1Ba0.9][Co0.4Fe0.6],LBCF1946,ceria,0,1.395553617,0.554892,-0.112971751,-0.656350181,1.140249113
La0.3Ba0.7Co0.6Fe0.4O3,[La0.3Ba0.7][Co0.6Fe0.4],LBCF3764,ceria,0,0.710378697,-0.112772423,-0.766724958,-1.298785128,1.104760737
La0.6Ba0.4Co0.2Fe0.8O3,[La0.6Ba0.4][Co0.2Fe0.8],LBCF6428,ceria,0,0.431363764,-0.40172661,-1.063575386,-1.602059991,1.114760036
LaBaCo2O5,[LaBa][Co2],LBCO,ceria,0,1.208102749,0.096261996,-0.787040062,-1.505700543,1.308599836
LaBaCo2O5,[LaBa][Co2],LBCO,perovskite,0,-0.086856005,-0.823908741,-1.409460401,-1.88586916,1.081673946
LaBaFe2O5,[LaBa][Fe2],LBFO,ceria,0,1.916757168,0.84509804,-0.006281719,-0.698970004,1.38989525
La0.4Ba0.6Fe0.8Zn0.2O3,[La0.4Ba0.6][Fe0.8Zn0.2],LBFZn4682,ceria,0,2.352078236,1.192712935,0.271654992,-0.47772393,1.354391939
La0.4Bi0.4Sr0.2FeO3,[La0.4Bi0.4Sr0.2][Fe],LBiSF,ceria,0,1.342422681,0.168513391,-0.764099025,-1.522878745,1.499819378
La0.7Ca0.3CrO3,[La0.7Ca0.3][Cr],LCaCr22,zirconia,0,3.0485401,2.127046737,1.394966193,0.799340549,1.272157649
La0.6Ca0.4Fe0.8Ni0.2O3,[La0.6Ca0.4][Fe0.8Ni0.2],LCaFN6482,ceria,0,1.704106029,0.505108784,-0.447434762,-1.222430583,1.584427927
La0.6Ca0.4Fe0.8Ni0.2O3,[La0.6Ca0.4][Fe0.8Ni0.2],LCaFN6482,zirconia,0,1.825831211,0.62838893,-0.322919274,-1.096910013,1.59633682
LaCo0.4Ni0.4Cu0.2O3,[La][Co0.4Ni0.4Cu0.2],LCNCu,ceria,0,1.316988261,0.495355507,-0.15739076,-0.688469504,1.15975428
LaCoO3,[La][Co],LCO,zirconia,0,3.057503234,1.6,0.442086331,-0.5,1.842493593
LaCrO3,[La][Cr],LCrO,zirconia,0,3.905297753,2.98380439,2.251723845,1.656098202,1.284683083
LaFe0.5Ni0.5O3,[La][Fe0.5Ni0.5],LFN55,ceria,0,2.30901603,1,-0.039947987,-0.886056648,1.699589894
LaNi0.2Fe0.8O3,[La][Ni0.2Fe0.8],LFN82,ceria,0,3.392337622,1.977723605,0.853883281,-0.060480747,1.807441691
LaFeO3,[La][Fe],LFO,mixed,0,3.183306839,2.301029996,1.600105021,1.029827759,1.417809609
LaFeO3,[La][Fe],LFO,ceria,0,3.087068323,1.698970004,0.596195081,-0.301029996,1.703000893
LaMnO3,[La][Mn],LMO,zirconia,0,5.604791352,4.355830475,3.363593313,2.556302501,1.566071408
LaNi0.6Fe0.4O3,[La][Ni0.6Fe0.4],LNF64,zirconia,0,3.725395483,2.866343581,2.183869665,1.628604307,1.237655016
LaNi0.6Fe0.4O3,[La][Ni0.6Fe0.4],LNF64,ceria,0,2.735665896,1.809534286,1.073768886,0.475145219,1.272011527
La0.6Sr0.4CoO3,[La0.6Sr0.4][Co],LSC64,ceria,0,1.345607467,0.275035248,-0.575481016,-1.267466756,1.339236847
La0.6Sr0.4CoO3,[La0.6Sr0.4][Co],LSC64,perovskite,0,1.840943487,0.944633699,0.23256025,-0.346787486,1.188486115
La0.6Sr0.4CoO3,[La0.6Sr0.4][Co],LSC64,zirconia,0,0.999802306,0.45201738,0.016829561,-0.337242168,0.917826656
La0.8Sr0.2CoO3,[La0.8Sr0.2][Co],LSC82,ceria,1,2.036082394,0.847102386,-0.097482964,-0.866003943,1.662637709
La0.8Sr0.2CoO3,[La0.8Sr0.2][Co],LSC82,zirconia,0,3.5,2.047552992,0.893656242,-0.045161896,1.869007513
La0.8Sr0.2CoO3,[La0.8Sr0.2][Co],LSC82,perovskite,0,3.193188995,1.938342237,0.941429037,0.130333768,1.718816633
La0.5Sr0.5Co0.8Fe0.2O3,[La0.5Sr0.5][Co0.8Fe0.2],LSCF5582,perovskite,0,2.001295712,0.922156829,0.064834778,-0.632688196,1.402697315
La0.6Sr0.4Co0.2Fe0.8O3,[La0.6Sr0.4][Co0.2Fe0.8],LSCF6428,ceria,1,1.15254497,0.063392853,-0.801884214,-1.505879442,1.411684135
La0.6Sr0.4Co0.2Fe0.8O3,[La0.6Sr0.4][Co0.2Fe0.8],LSCF6428,mixed,0,1.746517727,0.541866177,-0.415169432,-1.193820026,1.472107191
La0.6Sr0.4Co0.2Fe0.8O3,[La0.6Sr0.4][Co0.2Fe0.8],LSCF6428,perovskite,1,1.356288996,0.383619986,-0.389117058,-1.017821103,1.339201426
La0.7Sr0.3Co0.8Fe0.2O3,[La0.7Sr0.3][Co0.8Fe0.2],LSCF7382,ceria,0,2.330877749,1.141375334,0.196374957,-0.572483691,1.512807809
La0.4Sr0.6Co0.2Fe0.7Nb0.1O3,[La0.4Sr0.6][Co0.2Fe0.7Nb0.1],LSCFN,perovskite,0,0.643198458,0.165119192,-0.214690955,-0.523707039,0.669570377
La0.8Sr0.2Co0.4Mn0.6O3,[La0.8Sr0.2][Co0.4Mn0.6],LSCM8246,zirconia,0,1.8,0.523539519,-0.490544707,-1.315610438,1.668305788
La0.8Sr0.2Co0.4Mn0.6O3,[La0.8Sr0.2][Co0.4Mn0.6],LSCM8246,ceria,0,1.2,0.024312715,-0.90971223,-1.669641193,1.596739737
La0.1Sr0.9Co0.85Nb0.15O3,[La0.1Sr0.9][Co0.85Nb0.15],LSCN,ceria,0,-0.086858896,-0.716113295,-1.216024549,-1.6227557,0.916965728
La0.8Sr0.2Co0.8Ni0.2O3,[La0.8Sr0.2][Co0.8Ni0.2],LSCN8282,ceria,0,3.031435964,1.509278351,0.3,-0.68387698,1.912070749
La0.3Sr0.7Cr0.3Fe0.7O3,[La0.3Sr0.7][Cr0.3Fe0.7],LSCrF3737,perovskite,0,1.249199551,0.327706188,-0.404374357,-1,1.172822544
La0.75Sr0.25Cr0.5Mn0.5O3,[La0.75Sr0.25][Cr0.5Mn0.5],LSCrM8255,zirconia,0,1.55541003,0.781702984,0.167031302,-0.333069703,1.110784195
La0.7Sr0.3CuO3,[La0.7Sr0.3][Cu],LSCu73,ceria,0,2.825776197,1.75,0.895349435,0.2,1.346747936
La0.6Sr0.4Cu0.2Fe0.8O3,[La0.6Sr0.4][Cu0.2Fe0.8],LSCuF6428,ceria,0,0.050259178,-0.061222993,-0.149790021,-0.22184875,0.625828856
La0.7Sr0.3Cu0.4Fe0.6O3,[La0.7Sr0.3][Cu0.4Fe0.6],LSCuF7346,ceria,0,2.55339586,1.2,0.12479445,-0.75,1.520689833
La0.8Sr0.2Cu0.2Fe0.8O3,[La0.8Sr0.2][Cu0.2Fe0.8],LSCuF8228,perovskite,0,1.846838642,0.698970004,-0.212954412,-0.954902236,1.592286505
La0.8Sr0.2FeO3,[La0.8Sr0.2][Fe],LSF20,zirconia,0,3.291223787,2.105278969,1.163104924,0.3965458,1.61775047
La0.5Sr0.5FeO3,[La0.5Sr0.5][Fe],LSF50,ceria,0,1.503447888,0.61723973,-0.086808477,-0.659626823,1.248987689
La0.6Sr0.4FeO3,[La0.6Sr0.4][Fe],LSF64,zirconia,0,1.835992544,0.995839399,0.328379603,-0.214670165,1.205716716
La0.6Sr0.4FeO3,[La0.6Sr0.4][Fe],LSF64,ceria,0,1.624989893,0.477121255,-0.434803162,-1.176750986,1.403081695
La0.5Sr0.5Fe0.8Cu0.2O3,[La0.5Sr0.5][Fe0.8Cu0.2],LSFCu,ceria,0,1.663371567,0.414973348,-0.57681681,-1.383743937,1.493131595
La0.5Sr0.5Fe0.9Nb0.1O3,[La0.5Sr0.5][Fe0.9Nb0.1],LSFN10,ceria,0,0.313083855,-0.315775513,-0.815372935,-1.22184875,0.899788697
La0.85Sr0.15MnO3,[La0.85Sr0.15][Mn],LSM15,zirconia,0,5.05523458,3.966545357,3.101636036,2.397940009,1.511687399
La0.85Sr0.15MnO3,[La0.85Sr0.15[Mn],LSM15,ceria,0,3.059600893,1.929418926,1.031545687,0.301029996,1.504089874
La0.8Sr0.2MnO3,[La0.8Sr0.2][Mn],LSM20,zirconia,1,3.447239265,2.222286818,1.249123157,0.457350673,1.564998886
La0.8Sr0.2MnO3,[La0.8Sr0.2][Mn],LSM20,ceria,1,3.169900812,2.017817143,1.102544095,0.357871801,1.53234261
La0.8Sr0.2MnO3,[La0.8Sr0.2][Mn],LSM20,mixed,0,3.71791326,2.698970004,1.889470378,1.23085605,1.409104157
La0.7Sr0.3MnO3,[La0.7Sr0.3][Mn],LSM35,ceria,0,2.665433223,1.858097185,1.216708946,0.694871171,1.181215032
La0.8Sr0.2Mn0.8Cu0.2O3,[La0.8Sr0.2][Mn0.8Cu0.2],LSMCu,zirconia,0,2.599411041,1.677917678,0.945837134,0.35021149,1.272467873
La0.7Sr0.3Mn0.9Mg0.1O3,[La0.7Sr0.3][Mn0.9Mg0.1],LSMMg10,ceria,0,2.448285982,1.640949944,0.999561705,0.47772393,1.097459292
La0.7Sr0.3Mn0.8Mg0.2O3,[La0.7Sr0.3][Mn0.8Mg0.2],LSMMg20,ceria,0,1.880135536,1.136536554,0.545784228,0.065144172,1.040729834
La0.8Sr0.2Mn0.9Sc0.1O3,[La0.8Sr0.2][Mn0.9Sc0.1],LSMSc,zirconia,0,1.308367002,0.681241237,0.183021077,-0.222334188,0.981882948
La0.8Sr0.2Sc0.2Mn0.8O3,[La0.8Sr0.2][Sc0.2Mn0.8],LSMSc20,zirconia,0,1.95591234,0.9633355,0.174782676,-0.466789192,1.234070965
La0.4Sr0.6Ni0.2Fe0.8O3,[La0.4Sr0.6][Ni0.2Fe0.8],LSNF4628,ceria,0,1.536644884,0.544068044,-0.244484779,-0.886056648,1.272987239
La0.3Sr0.7Ti0.3Fe0.7O3,[La0.3Sr0.7][Ti0.3Fe0.7],LSTF,ceria,0,1.041407885,0.222004941,-0.428969854,-0.958607315,1.125868605
NdBa0.75Ca0.25Co2O5,[NdBa0.75Ca0.25][Co2],NBCaCO,ceria,0,-0.434294482,-1.260797176,-1.917412369,-2.451638896,1.088194803
NdBa0.5Sr0.5Co1.5Fe0.5O5,[NdBa0.5Sr0.5][Co1.5Fe0.5],NBCF1.5,ceria,0,-0.10857362,-0.873853893,-1.481830924,-1.976485115,1.058552124
NdBaCoMnO5,[NdBa][CoMn],NBCM,ceria,0,1.454179723,0.44870632,-0.35009218,-1,1.333712959
NdBaCo1.5Mn0.5O5,[NdBa][Co1.5Mn0.5],NBCM1.5,ceria,0,1.114435097,0.184691431,-0.553943568,-1.15490196,1.270938248
NdBaCo2O5,[NdBa][Co2],NBCO,ceria,1,0.543407248,-0.414766152,-1.175987156,-1.795321673,1.201840841
NdBaCu2O5,[NdBa][Cu2],NBCuO,ceria,0,1.640105084,0.935003151,0.374834812,-0.080921908,0.803977637
NdBaFe2O5,[NdBa][Fe2],NBFO,ceria,0,1.487287075,0.439332694,-0.393214826,-1.070581074,1.367965398
NdBaMnO5,[NdBa][Mn],NBMO,ceria,0,2.050894091,0.924279286,0.02923998,-0.698970004,1.420594931
NdBa0.5Sr0.5Co1.5Mn0.5O5,[NdBa0.5Sr0.5][Co1.5Mn0.5],NBSCMO,ceria,0,0.10857362,-0.76384589,-1.456939705,-2.020845484,1.150244674
NdBa0.5Sr0.5Co2O5,[NdBa0.5Sr0.5][Co2],NBSCO,ceria,0,0.838922676,-0.038595652,-0.735740223,-1.302941724,1.15620234
NdBa0.5Sr0.5Cu2O5,[NdBa0.5Sr0.5][Cu2],NBSCuO,ceria,0,-0.562331676,-0.688246139,-0.788278903,-0.869666232,0.372875529
NdCoO3,[Nd][Co],NCO,ceria,0,3.045181113,1.9,0.990210689,0.25,1.588329381
Nd0.5Sr0.5CoO3,[Nd0.5Sr0.5][Co],NSC55,ceria,0,0.690507762,-0.125,-0.772880267,-1.3,1.155171744
Nd0.5Sr0.5Co0.5Fe0.5O3,[Nd0.5Sr0.5][Co0.5Fe0.5],NSCF,ceria,0,0.162860431,-0.744718029,-1.465743876,-2.052375344,1.157831124
NdSrCo2O5,[NdSr][Co2],NSCO,ceria,0,0.347435586,-0.548041828,-1.259453998,-1.838263712,1.208222916
Nd0.5Sr0.5Fe0.8Cu0.2O3,[Nd0.5Sr0.5][Fe0.8Cu0.2],NSFCu,ceria,0,1.018943256,0,-0.809499627,-1.468113955,1.283518741
PrBa0.8Ca0.2Co1.5Fe0.5O5,[PrBa0.8Ca0.2][Co1.5Fe0.5],PBCCFO,ceria,0,-0.217147241,-1.040018378,-1.693748479,-2.225627677,1.109924289
PrBa0.8Ca0.2Co2O5,[PrBa0.8Ca0.2][Co2],PBCCO,ceria,0,0.217147241,-0.65412808,-1.346312894,-1.909479103,1.144880151
PrBaCo1.5Fe0.5O5,[PrBa][Co1.5Fe0.5],PBCF1.5,perovskite,0,1.301029996,0.071934921,-0.90451985,-1.698970004,1.436959497
PrBaCo2O5,[PrBa][Co2],PBCO,mixed,0,-0.632114501,-1,-1.292266691,-1.530056832,0.671109998
PrBaCo2O5,[PrBa][Co2],PBCO,ceria,1,0.027018131,-0.702890532,-1.282766581,-1.754557626,0.969633013
PrBaCo2O5,[PrBa][Co2],PBCO,perovskite,0,0.477121255,-0.247908634,-0.823908741,-1.292546293,0.89855756
PrBaCo1.9Sc0.1O5,[PrBa][Co1.9Sc0.1],PBCSc,ceria,0,-0.282249276,-1.085736205,-1.724066519,-2.243416346,1.127359617
PrBaFe2O5,[PrBa][Fe2],PBFO,ceria,0,1.092911274,0.191107198,-0.52533119,-1.10823027,1.270208864
PrBa(Fe0.8Sc0.2)2O5,[PrBa][(Fe0.8Sc0.2)2],PBFSc,perovskite,0,0.841633574,-0.036212173,-0.733616861,-1.301029996,1.221324889
PrBaMn1.5Fe0.5O5,[PrBa][Mn1.5Fe0.5],PBMF1.5,perovskite,0,1.980083461,0.882479655,0.010488142,-0.698970004,1.424800022
PrBaMn2O5,[PrBa[Mn2],PBMO,perovskite,0,2.032360582,0.985483225,0.153791347,-0.522878745,1.380032571
PrBa0.5Sr0.25Ca0.5Co2O5,[PrBa0.5Sr0.25Ca0.5][Co2],PBSCaCO,ceria,0,-0.347435586,-1.112715858,-1.720692889,-2.21534708,1.058185274
PrBa0.5Sr0.5CoCuO5,[PrBa0.5Sr0.5][CoCu],PBSCCuO,ceria,0,0.173717793,-0.897674589,-1.748842432,-2.4413583,1.290510594
PrBa0.5Sr0.5CoFeO5,[PrBa0.5Sr0.5][CoFe],PBSCFO,ceria,0,-0.173717793,-0.972386837,-1.606889583,-2.123125275,1.092458885
PrBa0.5Sr0.5Co2O5,[PrBa0.5Sr0.5][Co2],PBSCO,ceria,1,0.116196845,-0.737408195,-1.415554852,-1.967299522,1.132219652
PrBa0.5Sr0.5Co2O5,[PrBa0.5Sr0.5][Co2],PBSCO,perovskite,0,0.423978249,-0.392392634,-1.040958608,-1.568636236,1.093836443
Pr0.8Ca0.2BaCo2O5,[Pr0.8Ca0.2Ba][Co2],PCBCO,ceria,0,0.29024927,-0.485026728,-1.100944863,-1.602059991,1.0794669
PrNi0.6Co0.4O3,[Pr][Ni0.6Co0.4],PNC64,ceria,0,0.77815125,0.053121362,-0.522878745,-0.991516297,1.108407132
Pr0.3Sr0.7CoO3,[Pr0.3Sr0.7][Co],PSC37,ceria,0,1.395181113,0.25,-0.659789311,-1.4,1.444923726
Pr0.5Sr0.5CoO3,[Pr0.5Sr0.5][Co],PSC55,ceria,0,0.977359566,-0.171246837,-1.083757371,-1.826182064,1.409546202
Pr0.8Sr0.2CoO3,[Pr0.8Sr0.2][Co],PSC82,ceria,0,1.740362689,0.233181788,-0.964198311,-1.938394795,1.864283483
Pr0.3Sr0.7Co0.3Fe0.7O3,[Pr0.3Sr0.7][Co0.3Fe0.7],PSCF3737,ceria,0,1.34702458,0.370167526,-0.405896711,-1.037307782,1.245655789
Pr0.4Sr0.6Co0.2Fe0.8O3,[Pr0.4Sr0.6][Co0.2Fe0.8],PSCF4628,perovskite,0,-1.040980683,-1.303974558,-1.512910083,-1.682901428,0.62483346
Pr0.6Sr0.4Co0.2Fe0.8O3,[Pr0.6Sr0.4][Co0.2Fe0.8],PSCF6428,ceria,0,1.602059991,0.75333701,0.079068907,-0.469520147,1.186089227
Pr0.4Sr0.6Co0.16Fe0.64Mo0.2O3,[Pr0.4Sr0.6][Co0.16Fe0.64Mo0.2],PSCFM20,perovskite,0,-0.015157866,-0.580768301,-1.030117598,-1.395711201,0.739912829
Pr0.4Sr0.6Co0.2Fe0.7Nb0.1O3,[Pr0.4Sr0.6][Co0.2Fe0.7Nb0.1],PSCFN10,perovskite,0,0.078106352,-0.240260555,-0.493187194,-0.698970004,0.563673724
Pr0.6Sr0.4Co0.18Fe0.72Sc0.1O3,[Pr0.6Sr0.4][Co0.18Fe0.72Sc0.1],PSCFSc10,ceria,0,1.278753601,0.657912864,0.164685844,-0.236606969,0.921591106
PrSrCo2O5,[PrSr][Co2],PSCO,ceria,0,0.260576689,-0.688370849,-1.442262367,-2.055633565,1.249820546
Pr0.8Sr0.2FeO3,[Pr0.8Sr0.2][Fe],PSF20,zirconia,0,3.138720971,1.861178126,0.846234015,0.020468676,1.689864333
Pr0.5Sr0.5Fe0.8Cu0.2O3,[Pr0.5Sr0.5][Fe0.8Cu0.2],PSFCu,mixed,0,0.442909317,-0.453361893,-1.165404694,-1.744727495,1.270890522
Pr0.5Sr0.5Fe0.8Cu0.2O3,[Pr0.5Sr0.5][Fe0.8Cu0.2],PSFCu,ceria,0,1.233416189,0.113943352,-0.775422016,-1.499015647,1.400766339
Pr0.7Sr0.3Fe0.8Ni0.2O3,[Pr0.7Sr0.3][Fe0.8Ni0.2],PSFN7382,ceria,0,3.388098318,2,0.897225077,-3.37E-11,1.745952246
Sr0.95Co0.8Nb0.1Ta0.1O3,[Sr0.95][Co0.8Nb0.1Ta0.1],S95CNTa,ceria,0,-0.260576689,-0.872800907,-1.359182532,-1.754905885,0.90279338
Sr0.95Ag0.05Nb0.1Co0.9O3,[Sr0.95][Ag0.05Nb0.1Co0.9],SAgCN,ceria,0,-0.662987171,-1.393670055,-1.974161185,-2.446452664,1.030287577
SmBaCo2O5,[SmBa][Co2],SBCO,ceria,1,0.597788992,-0.307402148,-1.026531389,-1.611619765,1.190045656
SmBaCo2O5,[SmBa][Co2],SBCO,perovskite,0,0.569881614,-0.281684585,-0.958211482,-1.508638306,1.12538112
SmBaFe2O5,[SmBa][Fe2],SBFO,ceria,0,1.104376011,0.079181246,-0.735284893,-1.397940009,1.356603
SmBa0.5Sr0.5Co2O5,[SmBa0.5Sr0.5][Co2],SBSC,ceria,1,0.241429448,-0.664201127,-1.383679477,-1.96905189,1.177418459
SmBa0.5Sr0.5Co1.5Cu0.5O5,[SmBa0.5Sr0.5][Co1.5Cu0.5],SBSCCu,ceria,0,0.260576689,-0.657759638,-1.387332075,-1.980917105,1.184798143
SmBa0.5Sr0.5Cu2O5,[SmBa0.5Sr0.5][Cu2],SBSCu,ceria,0,-0.609851383,-0.798611581,-0.94857215,-1.070581074,0.380456917
SmBa0.5Sr0.5CuFeO5,[SmBa0.5Sr0.5][CuFe],SBSCuF,ceria,0,1.223966528,0.408269217,-0.239761638,-0.76700389,1.128502772
Sr0.9Ce0.1CoO3,[Sr0.9Ce0.1][Co],SCeC10,zirconia,0,3.207728679,1.407180057,-0.023266073,-1.187086643,1.998021555
Sr0.9Ce0.1Co0.9Nb0.1O3,[Sr0.9Ce0.1][Co0.9Nb0.1],SCeCN10,ceria,0,0.042575512,-0.720328045,-1.326416894,-1.819534848,1.039863509
Sr0.9Ce0.1FeO3,[Sr0.9Ce0.1][Fe],SCeF10,zirconia,0,2.808621558,1.657933917,0.743769943,-1.98E-11,1.615505054
Sr0.9Ce0.1Fe0.8Ni0.2O3,[Sr0.9Ce0.1][Fe0.8Ni0.2],SCeFN82,ceria,0,0.113943352,-1.095580196,-2.056486365,-2.838286072,1.560765561
Sr0.9Ce0.1Fe0.9Ni0.1O3,[Sr0.9Ce0.1][Fe0.9Ni0.1],SCeFN91,ceria,0,0.243038049,-0.789486209,-1.609775264,-2.277167944,1.446282355
Sr0.8Ce0.2MnO3,[Sr0.8Ce0.2][Mn],SCeM,ceria,0,1.802299619,0.934789928,0.245596721,-0.315135497,1.293270495
Sr0.8Ce0.2Mn0.8Co0.2O3,[Sr0.8Ce0.2][Mn0.8Co0.2],SCeMC,ceria,0,1.068457627,0.185961834,-0.515137085,-1.08555587,1.191890743
SrCo0.85Fe0.15O3,[Sr][Co0.85Fe0.15],SCF15,ceria,0,0.023285163,-1,-1.812949055,-2.474369862,1.330078634
SrCo0.4Fe0.5Nb0.1O3,[Sr][Co0.4Fe0.5Nb0.1],SCFN451,ceria,0,-0.167666065,-0.943994247,-1.560748291,-2.06254352,1.074366897
SrCo0.7Fe0.2Nb0.1O3,[Sr][Co0.7Fe0.2Nb0.1],SCFN721,ceria,0,-0.013178189,-0.712772507,-1.26856532,-1.720762083,0.994824925
SrCo0.85Fe0.1P0.05O3,[Sr][Co0.85Fe0.1P0.05],SCFP,ceria,0,-0.277695783,-1.1,-1.753279712,-2.284792469,1.152710829
SrCo0.9Nb0.1O3,[Sr][Co0.9Nb0.1],SCN10,ceria,0,-0.258910121,-1.045075194,-1.669644157,-2.177797657,1.073287017
SrCo0.9Nb0.1O3,[Sr][Co0.9Nb0.1],SCN10,perovskite,0,0.480673537,-0.347908185,-1.006175063,-1.541745411,1.091425833
SrCo0.8Nb0.2O3,[Sr][Co0.8Nb0.2],SCN20,ceria,0,-0.217147241,-1.136826747,-1.867466272,-2.461919493,1.147301119
SrCo0.8Nb0.2O3,[Sr][Co0.8Nb0.2],SCN20,perovskite,0,0.373392125,-0.348961171,-0.922834859,-1.389742342,1.048977233
SrCo0.8Nb0.1Ta0.1O3,[Sr][Co0.8Nb0.1Ta0.1],SCNTa,ceria,0,-0.781730067,-1.507792835,-2.084613513,-2.553918687,0.965100422
SrCoO3,[Sr][Co],SCO,mixed,0,0.965457164,-0.096910013,-0.940907781,-1.627590028,1.381040073
SrCoO3,[Sr][Co],SCO,ceria,0,1.594506874,0.582529238,-0.22143655,-0.87554851,1.357678195
SrCo0.8Sc0.2O3,[Sr][Co0.8Sc0.2],SCSc82,ceria,0,1.079181246,0.235269456,-0.435176395,-0.980655639,1.140011517
SrCo0.9Sc0.1O3,[Sr][Co0.9Sc0.1],SCSc91,ceria,0,1,0.176461821,-0.477798213,-1.010108566,1.105586892
SrCo0.75Sc0.125Nb0.125O3,[Sr][Co0.75Sc0.125Nb0.125],SCScN,ceria,0,-0.53900072,-1.304805071,-1.913198455,-2.408191396,1.079159913
SrSc0.175Nb0.025Co0.8O3,[Sr][Sc0.175Nb0.025Co0.8],SCScN80,ceria,0,-0.096910013,-1.022013413,-1.756961951,-2.354921014,1.175876842
SrCo0.9Ti0.1O3,[Sr][Co0.9Ti0.1],SCT10,perovskite,0,0.63856369,-0.139126143,-0.756961951,-1.259637311,1.068497828
SrCo0.8Ti0.2O3,[Sr][Co0.8Ti0.2],SCT20,perovskite,0,0.646802238,-0.118781004,-0.726998728,-1.22184875,1.053813404
SrCo0.9Ta0.1O3,[Sr][Co0.9Ta0.1],SCTa10,ceria,0,-0.434294482,-1.232963527,-1.867466272,-2.383701964,1.082358081
SrCo0.8Ta0.2O3,[Sr][Co0.8Ta0.2],SCTa20,ceria,0,-0.586297551,-1.366815026,-1.986897255,-2.491400317,1.05590251
SrCo0.6Ta0.4O3,[Sr][Co0.6Ta0.4],SCTa40,ceria,0,0.686668455,-0.034823154,-0.608012275,-1.074362789,1.034329022
SrCo0.9Y0.1O3,[Sr][Co0.9Y0.1],SCY10,perovskite,0,0.5,-0.278426881,-0.896848236,-1.4,1.081152365
SrCo0.8Y0.2O3,[Sr][Co0.8Y0.2],SCY20,perovskite,0,1.05,0.16914853,-0.530644056,-1.1,1.165923344
SrFe0.75Cr0.25O3,[Sr][Fe0.75Cr0.25],SFCr25,perovskite,0,1.305048724,0.311608584,-0.477630088,-1.119759967,1.295281178
SrFe0.9Hf0.1O3,[Sr][Fe0.9Hf0.1],SFH10,ceria,0,0.244896877,-0.635129814,-1.334267155,-1.903089987,1.242756117
SrFe0.8Mo0.2O3,[Sr][Fe0.8Mo0.2],SFMo20,perovskite,0,1.441502261,0.427172681,-0.37866161,-1.034293796,1.296505973
SrFe0.9Nb0.1O3,[Sr][Fe0.9Nb0.1],SFN10,ceria,0,0.749076969,-0.298349754,-1.130478075,-1.807503261,1.362763667
SrFe0.8Nb0.2O3,[Sr][Fe0.8Nb0.2],SFN20,ceria,0,0.861994066,-0.040056836,-0.756691314,-1.339749934,1.23185872
SrFe0.8Nb0.1Ta0.1O3,[Sr][Fe0.8Nb0.1Ta0.1],SFNTa,ceria,0,0.659159341,-0.259637311,-0.989575452,-1.583458021,1.172974327
SrFeO3,[Sr][Fe],SFO,zirconia,0,1.20923999,0.112475301,-0.758849576,-1.467765342,1.418154568
SrFeO3,[Sr][Fe],SFO,mixed,0,0.71791326,-0.301029996,-1.110529622,-1.76914395,1.37237551
SrFeO3,[Sr][Fe],SFO,ceria,1,1.350766351,0.216770673,-0.684132369,-1.417113129,1.45317773
SrFeO3,[Sr][Fe],SFO,perovskite,0,1.720078545,0.694416377,-0.12042109,-0.78337832,1.394624163
SrSc0.175Nb0.025Fe0.8O3,[Sr][Sc0.175Nb0.025Fe0.8],SFScN80,ceria,0,0.419442721,-0.554115813,-1.327559541,-1.956838548,1.279980024
SrSc0.025Nb0.075Fe0.9O3,[Sr][Sc0.025Nb0.075Fe0.9],SFScN90,ceria,0,0.397940009,-0.548851408,-1.301029996,-1.913007542,1.264746432
SrFe0.90Si0.10O3,[Sr][Fe0.90Si0.10],SFSi,ceria,0,1.94531533,0.67,-0.34317446,-1.1675,1.661320829
SrFe0.9Ti0.1O3,[Sr][Fe0.9Ti0.1],SFT10,ceria,0,0.10795749,-0.749442546,-1.430604137,-1.984801778,1.181342423
SrFe0.9Ti0.1O3,[Sr][Fe0.9Ti0.1],SFT10,perovskite,0,0.714652886,-0.14274715,-0.823908741,-1.378106382,1.17402014
SrFe0.8Ta0.2O3,[Sr][Fe0.8Ta0.2],SFTa20,ceria,0,1.956442392,0.653212514,-0.382138664,-1.224507329,1.544329879
SrFe0.9Zr0.1O3,[Sr][Fe0.9Zr0.1],SFZ10,ceria,0,1.493014764,0.38073964,-0.502907504,-1.22184875,1.398181647
SrFe0.8Zr0.2O3,[Sr][Fe0.8Zr0.2],SFZ20,ceria,0,1.108412923,0.153708541,-0.604756501,-1.22184875,1.277212982
Sr0.9K0.1FeO3,[Sr0.9K0.1][Fe],SKF,ceria,0,0.866279001,-0.207188112,-1.060004225,-1.753861137,1.360525553
Sr0.9K0.1Fe0.1Co0.9O3,[Sr0.9K0.1][Fe0.1Co0.9],SKFC19,ceria,0,-0.382051741,-1.097298556,-1.665526498,-2.127840565,0.998705894
Sr0.9K0.1Fe0.3Co0.7O3,[Sr0.9K0.1][Fe0.3Co0.7],SKFC37,ceria,0,0.047229995,-0.850221139,-1.563201331,-2.1432868,1.168310701
Sr0.9K0.1Fe0.5Co0.5O3,[Sr0.9K0.1][Fe0.5Co0.5],SKFC55,ceria,0,0.187530119,-0.731010643,-1.460745493,-2.054462663,1.210035106
Sr0.95K0.05Fe0.8Nb0.1Ta0.1O3,[Sr0.95K0.05][Fe0.8Nb0.1Ta0.1],SKFNTa,ceria,0,0.079181246,-0.743979682,-1.397940009,-1.930006518,1.111649266
Sr0.95Li0.05Fe0.8Nb0.1Ta0.1O3,[Sr0.95Li0.05][Fe0.8Nb0.1Ta0.1],SLiFNTa,ceria,0,-0.045757491,-0.868918419,-1.522878745,-2.054945255,1.105169817
SmCoO3,[Sm][Co],SmCO,ceria,0,3.714586028,2.5,1.535071942,0.75,1.588397016
Sr0.95Na0.05Fe0.8Nb0.1Ta0.1O3,[Sr0.95Na0.05][Fe0.8Nb0.1Ta0.1],SNaFNTa,ceria,0,0.397940009,-0.406594737,-1.045757491,-1.565784595,1.104270457
Sm0.2Sr0.8CoO3,[Sm0.2Sr0.8][Co],SSC28,ceria,0,1.204119983,0.199027092,-0.599469109,-1.249130977,1.33357892
Sm0.5Sr0.5CoO3,[Sm0.5Sr0.5][Co],SSC55,ceria,1,0.536555125,-0.31343262,-0.988705515,-1.538112073,1.248215452
Sm0.5Sr0.5CoO3,[Sm0.5Sr0.5][Co],SSC55,perovskite,1,2.313445632,1.191497115,0.300164943,-0.425028893,1.379591062
Sm0.8Sr0.2CoO3,[Sm0.8Sr0.2][Co],SSC82,ceria,0,1.146128036,0.126099885,-0.684261636,-1.343577207,1.45318851
Sm0.5Sr0.5Co0.8Fe0.2O3,[Sm0.5Sr0.5][Co0.8Fe0.2],SSCF5582,perovskite,0,1.908396619,0.835736843,-0.016437882,-0.709772956,1.362058545
Sm0.5Sr0.5Co0.9Nb0.1O3,[Sm0.5Sr0.5][Co0.9Nb0.1],SSCN,ceria,0,0.10857362,-0.629590194,-1.216024549,-1.693151476,1.028927148
Sm0.3Sr0.7Nb0.08Co0.92O3,[Sm0.3Sr0.7][Nb0.08Co0.92],SSCN10,ceria,0,-0.385102784,-1.207608311,-1.861047953,-2.392690831,1.061111419
SmSrCo2O5,[SmSr][Co2],SSCO,ceria,0,0.434294482,-0.529958662,-1.29600972,-1.919274002,1.257851153
SrSc0.075Ta0.025Fe0.9O3,[Sr][Sc0.075Ta0.025Fe0.9],SScTaF,ceria,0,0,-1.016416498,-1.823908741,-2.480889849,1.300782616
Sm0.5Sr0.5FeO3,[Sm0.5Sr0.5][Fe],SSF,ceria,0,1.183561264,0.366102111,-0.283328439,-0.811709493,1.157322964
Sm0.5Sr0.5MnO3,[Sm0.5Sr0.5][Mn],SSM,ceria,0,3.834465995,2.779740751,1.941814119,1.260071388,1.298886141
SrTi0.65Fe0.35O3,[Sr][Ti0.65Fe0.35],STF35,zirconia,0,1.08551372,0.164020356,-0.568060188,-1.163685831,1.205891589
SrTi0.2Fe0.8O3,[Sr][Ti0.2Fe0.8],STF80,zirconia,0,1.006332474,0.08483911,-0.647241434,-1.242867077,1.211935771
Sr0.7Y0.3CoO3,[Sr0.7Y0.3][Co],SYC,perovskite,0,1.650319031,0.582740614,-0.265397224,-0.95544786,1.384457423
YBaCo2O5,[YBa][Co2],YBCO,perovskite,0,-0.247726492,-0.643881727,-0.958607315,-1.214670165,0.754822199
YBaCo2O5,[YBa][Co2],YBCO,ceria,0,1.153212514,0.253983362,-0.460409377,-1.041644103,1.073710006
YBaFe2O5,[YBa][Fe2],YBFO,ceria,0,2.072924706,0.954242509,0.065505266,-0.657577319,1.432587292
YBa0.5Sr0.5Co2O5,[YBa0.5Sr0.5][Co2],YBSCO,ceria,0,0.954242509,0.200706662,-0.397940009,-0.885002957,1.047025013